<?xml version="1.0" encoding="UTF-8"?>
<project-private xmlns="http://www.netbeans.org/ns/project-private/1">
    <editor-bookmarks xmlns="http://www.netbeans.org/ns/editor-bookmarks/2" lastBookmarkId="0"/>
    <open-files xmlns="http://www.netbeans.org/ns/projectui-open-files/2">
        <group>
            <file>file:/home/marcondes/Dropbox/Aulas%20UNIDAVI/Aulas/12014%20-%20BSN%20-%20Jogos%20Digitais/Game%20Pong%20Final/Vistos/game_1/--bola.png</file>
            <file>file:/home/marcondes/Dropbox/Aulas%20UNIDAVI/Aulas/12014%20-%20BSN%20-%20Jogos%20Digitais/Game%20Pong%20Final/Vistos/game_1/Pong_pad01.png</file>
            <file>file:/home/marcondes/Dropbox/Aulas%20UNIDAVI/Aulas/12014%20-%20BSN%20-%20Jogos%20Digitais/Game%20Pong%20Final/Vistos/game_1/tank_3.png</file>
            <file>file:/home/marcondes/Dropbox/Aulas%20UNIDAVI/Aulas/12014%20-%20BSN%20-%20Jogos%20Digitais/Game%20Pong%20Final/Vistos/game_1/src/br/edu/unidavi/gamepong/Background.java</file>
            <file>file:/home/marcondes/Dropbox/Aulas%20UNIDAVI/Aulas/12014%20-%20BSN%20-%20Jogos%20Digitais/Game%20Pong%20Final/Vistos/game_1/src/br/edu/unidavi/gamepong/Player.java</file>
            <file>file:/home/marcondes/Dropbox/Aulas%20UNIDAVI/Aulas/12014%20-%20BSN%20-%20Jogos%20Digitais/Game%20Pong%20Final/Vistos/game_1/src/br/edu/unidavi/gamepong/Bola.java</file>
            <file>file:/home/marcondes/Dropbox/Aulas%20UNIDAVI/Aulas/12014%20-%20BSN%20-%20Jogos%20Digitais/Game%20Pong%20Final/Vistos/game_1/background.png</file>
            <file>file:/home/marcondes/Dropbox/Aulas%20UNIDAVI/Aulas/12014%20-%20BSN%20-%20Jogos%20Digitais/Game%20Pong%20Final/Vistos/game_1/src/br/edu/unidavi/gamepong/Game1.java</file>
            <file>file:/home/marcondes/Dropbox/Aulas%20UNIDAVI/Aulas/12014%20-%20BSN%20-%20Jogos%20Digitais/Game%20Pong%20Final/Vistos/game_1/tank_1.png</file>
            <file>file:/home/marcondes/Dropbox/Aulas%20UNIDAVI/Aulas/12014%20-%20BSN%20-%20Jogos%20Digitais/Game%20Pong%20Final/Vistos/game_1/tank_4.png</file>
            <file>file:/home/marcondes/Dropbox/Aulas%20UNIDAVI/Aulas/12014%20-%20BSN%20-%20Jogos%20Digitais/Game%20Pong%20Final/Vistos/game_1/Pong_pad02.png</file>
            <file>file:/home/marcondes/Dropbox/Aulas%20UNIDAVI/Aulas/12014%20-%20BSN%20-%20Jogos%20Digitais/Game%20Pong%20Final/Vistos/game_1/tank_2.png</file>
            <file>file:/home/marcondes/Dropbox/Aulas%20UNIDAVI/Aulas/12014%20-%20BSN%20-%20Jogos%20Digitais/Game%20Pong%20Final/Vistos/game_1/--background.png</file>
            <file>file:/home/marcondes/Dropbox/Aulas%20UNIDAVI/Aulas/12014%20-%20BSN%20-%20Jogos%20Digitais/Game%20Pong%20Final/Vistos/game_1/bola.png</file>
        </group>
    </open-files>
</project-private>
